podcast_name,podcast_artwork
Cautionary Tales with Tim Harford,https://i.scdn.co/image/ab6765630000ba8a3c33acb7bca573762f265d8d
Twenty Thousand Hertz,https://i.scdn.co/image/ab6765630000ba8a3e1c8b9184ccbd00bdebc84c
If Books Could Kill,https://i.scdn.co/image/ab6765630000ba8a10cd4bdfe0e165d9aa3e1349
Music Not Diving with Scuba,https://i.scdn.co/image/ab6765630000ba8ae51b9e8b830e9808a1e9cbf4
"WSGMN - Wenn's schneller geht, macht nix!",https://i.scdn.co/image/ab6765630000ba8af2b48272e1dbe0630c450aca
Weil´s jeden Tag brennt – mit Monchi von Feine Sahne Fischfilet,https://i.scdn.co/image/ab6765630000ba8a258385d05420cc137ee40c1d
"80,000 Hours Podcast",https://i.scdn.co/image/ab6765630000ba8a53c470e65cd8d6adaa783ef7
Making Sense with Sam Harris,https://i.scdn.co/image/ab6765630000ba8a96597791734bd303f72ad1c4
Lex Fridman Podcast,https://i.scdn.co/image/ab6765630000ba8a563ebb538d297875b10114b7
The Dissenter,https://i.scdn.co/image/ab6765630000ba8ad5578ce4f5986e5417553f39
Extrapolator,https://i.scdn.co/image/ab6765630000ba8a271c211fcbaadea09ae08039
Outchea Podcast,https://i.scdn.co/image/ab6765630000ba8a031d49f9d37745011139ecf9
Shaping Your Pottery with Nic Torres,https://i.scdn.co/image/ab6765630000ba8a7127bae996acf02a02a1d507
"Love, Happiness and Success with Dr. Lisa Marie Bobby",https://i.scdn.co/image/ab6765630000ba8a94713f432de12133efda1e99
Lift Free And Diet Hard with Andrew Coates,https://i.scdn.co/image/ab6765630000ba8a18083ceaa2d0509553d262f7
Elis James and John Robins,https://i.scdn.co/image/ab6765630000ba8a3bd40e48d1e405d5432df499
H3 Podcast,https://i.scdn.co/image/ab6765630000ba8ac0a3cbbebe67cb61094c6ec8
Within Reason,https://i.scdn.co/image/ab6765630000ba8a657f4372d74cdfb79fef4b55
The Digital Wellness Podcast,https://i.scdn.co/image/ab6765630000ba8af0596b3c714195a37c577e3a
Modern Wisdom,https://i.scdn.co/image/ab6765630000ba8ac27a8d722b0ba5ca0f788f35
UK True Crime Podcast,https://i.scdn.co/image/ab6765630000ba8ab6b06322bc2cf53bc2a8828f
The Mamnick Podcast,https://i.scdn.co/image/ab6765630000ba8a94747da02b6d9b136dacd5e3
The Ecommerce Influence Podcast,https://i.scdn.co/image/ab6765630000ba8a15aae8e5e4557264f889a73e
For the Love of Climbing,https://i.scdn.co/image/ab6765630000ba8a0180721c982a8767269609d4
Welcome to Night Vale,https://i.scdn.co/image/ab6765630000ba8ad7c29d063d6823819e00d90b
Pronunciation Pro,https://i.scdn.co/image/ab6765630000ba8a23744a28dddbf43ff2e245fe
Please Tell Me A Story,https://i.scdn.co/image/ab6765630000ba8abe0411821f3d4a3d6a138a5d
Empire,https://i.scdn.co/image/ab6765630000ba8ac26940db4ace1ddaedcfada5
Je verrai toujours vos visages - Trois mois sur le tournage du film,https://i.scdn.co/image/ab6765630000ba8ad77e98c2f5b5975ece47d1d4
"Sean Carroll's Mindscape: Science, Society, Philosophy, Culture, Arts, and Ideas",https://i.scdn.co/image/ab6765630000ba8a9b1a3600337c1ed1ed53cffe
Curious Cases,https://i.scdn.co/image/ab6765630000ba8ad8e13e34c5f1e7ae8d3ab3d3
The Rest Is Money,https://i.scdn.co/image/ab6765630000ba8a50c74c477756eab37034c153
Easy German: Learn German with native speakers | Deutsch lernen mit Muttersprachlern,https://i.scdn.co/image/ab6765630000ba8a5fcb03364defd3acfd76b8e9
Brain in a Vat,https://i.scdn.co/image/ab6765630000ba8a93b226fa01e502ebfeeeec42
Grounded with Louis Theroux,https://i.scdn.co/image/ab6765630000ba8adeffb326939c9ca192a0f289
Star Wars Nerds Unite,https://i.scdn.co/image/ab6765630000ba8a4b9d9b507d40261653e43b61
SYNESTHESIA,https://i.scdn.co/image/ab6765630000ba8a16376ef6d7f52c85e1a4fa9b
MULTIVERSES,https://i.scdn.co/image/ab6765630000ba8a21e02c2ac87a44eccd9ab345
Learn French by Podcast,https://i.scdn.co/image/ab6765630000ba8a9bc3b01cbf2f833947948d85
"My Brother, My Brother And Me",https://i.scdn.co/image/ab6765630000ba8a32ac3bc91459ea07fa69339b
No Such Thing As A Fish,https://i.scdn.co/image/ab6765630000ba8a21f436234976f292f9687026
The Psychology of your 20s,https://i.scdn.co/image/ab6765630000ba8a2f4a7d19dc0bbf18680227b5
Oxford Clay,https://i.scdn.co/image/ab6765630000ba8a22d4d42e9d7aed61a32036be
Trace Evidence,https://i.scdn.co/image/ab6765630000ba8a8b10ded359ce36c211447043
Lateral with Tom Scott,https://i.scdn.co/image/ab6765630000ba8ad12064bcbe5069445378ae5d
Johnny Vaughan On Radio X Podcast,https://i.scdn.co/image/ab6765630000ba8a4e43211432ce53b7cc8768bc
Climbing with Coach Kiah,https://i.scdn.co/image/ab6765630000ba8a4b87f5e52e70cf93481d43a1
The Rest Is Politics,https://i.scdn.co/image/ab6765630000ba8a2fde7c1cb2a0206c04bb58ab
The Rest Is History,https://i.scdn.co/image/ab6765630000ba8a9725251b01aed08ade1d5683
This Week On The Internet ,https://i.scdn.co/image/ab6765630000ba8a47b07df31ea67542876e464e
MONKEY TENNIS - The Alan Partridge Fan Podcast,https://i.scdn.co/image/ab6765630000ba8a6811696e50ac2046360bd2e8
Duncan Trussell Family Hour,https://i.scdn.co/image/ab6765630000ba8acf928943c297f79cd8d0b19a
Your Path To Hollywood,https://i.scdn.co/image/ab6765630000ba8a51bbfb247f69c3223e23b5f2
Trap Lore Ross,https://i.scdn.co/image/ab6765630000ba8a9c8179955fde464d3810e1fe
Grammar Girl Quick and Dirty Tips for Better Writing,https://i.scdn.co/image/ab6765630000ba8a39a1ad4b563c100b95ccb81f
Imaginary Advice,https://i.scdn.co/image/ab6765630000ba8a55ddf280b456be4befa37a2d
Relaxing White Noise,https://i.scdn.co/image/ab6765630000ba8a1cc30628b39f95dfc22f7126
CONFLICTED,https://i.scdn.co/image/ab6765630000ba8a98800e9e0696a98d139b7724
99% Invisible,https://i.scdn.co/image/ab6765630000ba8afbd5a0953d90c8d72b19bbbc
Bashass,https://i.scdn.co/image/ab6765630000ba8a7b006a40fc3e5bdd701b4cf9
Daily Meditation Podcast,https://i.scdn.co/image/ab6765630000ba8ad327bf0b8f024286b8587564
Detectives Don't Sleep,https://i.scdn.co/image/ab6765630000ba8ac3cdd541c51465fbcccc78ca
Three Bean Salad,https://i.scdn.co/image/ab6765630000ba8a7ab384dcfd5efa612e0a162e
CoComelon Story Time ,https://i.scdn.co/image/ab6765630000ba8a6c7083ea5aae0daa5e97307c
CoComelon Story Time (UK),https://i.scdn.co/image/ab6765630000ba8a3ea17ac33886546790ddd400
This is Love,https://i.scdn.co/image/ab6765630000ba8a7e5c8f6cf354ab0958b136fa
Scotland Yard Confidential ,https://i.scdn.co/image/ab6765630000ba8a7b620ae303d7f404df8cdb38
We Need To Talk About...​,https://i.scdn.co/image/ab6765630000ba8ad3d3eb9ea7cdf21fe55416c3
One Song,https://i.scdn.co/image/ab6765630000ba8a8b6e0a726a5188164a942f2d
French Blabla,https://i.scdn.co/image/ab6765630000ba8afab1a82a049aaa6703fdcfd8
Such FFun,https://i.scdn.co/image/ab6765630000ba8acd53102efc48d6b99bd0e889
I'm ADHD! No You're Not,https://i.scdn.co/image/ab6765630000ba8aa530f6442d9435e31e18262a
The ADHD Adults Podcast,https://i.scdn.co/image/ab6765630000ba8a94ef5df460c9cfd0b084eeb7
ALL NEW FONEJACKER PODCAST,https://i.scdn.co/image/ab6765630000ba8a48ef56862e77beae728a9ec4
Real Survival Stories,https://i.scdn.co/image/ab6765630000ba8a9bf7b2fe4b11eda626923901
Philosophy Bites,https://i.scdn.co/image/ab6765630000ba8a3f0380e58b5660033a29df48
Times news briefing,https://i.scdn.co/image/ab6765630000ba8a18a406429750324b6a46cb8e
Agitpod with Owen Jones & Ellie Mae O'Hagan,https://i.scdn.co/image/ab6765630000ba8a9b38c7536020b00a07abade8
LADbible Entertainment,https://i.scdn.co/image/ab6765630000ba8a9c51390233e3dc56ac4c6c0c
Harry Hill's 'Are We There Yet?',https://i.scdn.co/image/ab6765630000ba8ab277ca8ac1a71ba735cbb55c
Natural Philosophers,https://i.scdn.co/image/ab6765630000ba8a56259155954a35e4633e8982
Brydon &,https://i.scdn.co/image/ab6765630000ba8ad318579d55665ed5ad366be5
Let's Find Out,https://i.scdn.co/image/ab6765630000ba8a08dae228ecf317e3c3dbe655
In Our Time,https://i.scdn.co/image/ab6765630000ba8a1777b90eaadb094f4dbe1b7c
Mind Chat,https://i.scdn.co/image/ab6765630000ba8abb538dc50121052aad0bf774
Classical Fix,https://i.scdn.co/image/ab6765630000ba8a0fbf52b6f893860a2aa9c3ed
Rooster Teeth Podcast,https://i.scdn.co/image/ab6765630000ba8a14358c021bc8fa3c29e3c807
Those Conspiracy Guys,https://i.scdn.co/image/ab6765630000ba8a38b3f372dfb8f87485d66b77
Chant School,https://i.scdn.co/image/ab6765630000ba8a3bc79ba38c707d6e7b8389da
Fest & Flauschig,https://i.scdn.co/image/ab6765630000ba8a6f9a2770da99a3466ee54e93
It Takes A Village,https://i.scdn.co/image/ab6765630000ba8a85e7420936f9a4ebca34eb02
Ear Training Tapes,https://i.scdn.co/image/ab6765630000ba8a80d00fddf3cff039fa2cea36
BBC Gardeners’ World Magazine Podcast,https://i.scdn.co/image/ab6765630000ba8a8feafa66b03ac095f69589b9
Cold War Conversations,https://i.scdn.co/image/ab6765630000ba8a528f4858023e4cc905486c76
Billions Club: The Series,https://i.scdn.co/image/ab6765630000ba8a467ed87c8b7ed76d7d990ca8
Story time with Philip and Mommy!,https://i.scdn.co/image/ab6765630000ba8a4fe932a0b8974e8670f4a75b
Athletico Mince,https://i.scdn.co/image/ab6765630000ba8a044461f50ff11fb436d13b0b
The TED Interview,https://i.scdn.co/image/ab6765630000ba8a56e9fdbcb7e1b3437e01eeff
Loudwire Nights: On Demand,https://i.scdn.co/image/ab6765630000ba8a7e86417b98ca2965b4aeb806
12 Hour Sound Machines for Sleep (no loops or fades),https://i.scdn.co/image/ab6765630000ba8a24129e7ecf13cebaa8cba4b6
Begin Again with Davina McCall ,https://i.scdn.co/image/ab6765630000ba8af046a82043e0174aa77127bd
The Buckleys,https://i.scdn.co/image/ab6765630000ba8a5c7a6625be8598255d5bce26
Critical Role,https://i.scdn.co/image/ab6765630000ba8a23dcde9f02d02d98a228b273
Deep Dive with Ali Abdaal,https://i.scdn.co/image/ab6765630000ba8a415bc0e1b5f482188db30cfc
Sleep Sounds by Tmsoft,https://i.scdn.co/image/ab6765630000ba8aaee22537ee1b1e4c365c2f46
Consciousness Live!,https://i.scdn.co/image/ab6765630000ba8a218479b4981c49e12e7e904f
The Witch Trials of J.K. Rowling,https://i.scdn.co/image/ab6765630000ba8ab50eadb3dadf56cc1292be78
In Our Time: Science,https://i.scdn.co/image/ab6765630000ba8a602edc06c26aa0aa95f9865a
Strong Mind,https://i.scdn.co/image/ab6765630000ba8ab94e384e6323a3314045ef86
The Blindboy Podcast,https://i.scdn.co/image/ab6765630000ba8ad8d01f6463018f1644db243c
Conspiracy Theories,https://i.scdn.co/image/ab6765630000ba8abc1039206624c354ffe3f13f
Changes with Annie Macmanus,https://i.scdn.co/image/ab6765630000ba8a85731d9e9231c16a03123072
Slow News,https://i.scdn.co/image/ab6765630000ba8afcfca1a695b86b171e9fe8f0
Alpha Signal,https://i.scdn.co/image/ab6765630000ba8a172e0f80ec6cf584bb03db7a
German Language Coach,https://i.scdn.co/image/ab6765630000ba8a2e4306d26fc1c82f0a5808d2
The Complete Guide to Everything,https://i.scdn.co/image/ab6765630000ba8a295308ec8ab4878da375e2f1
"Eddie Hearn: No Passion, No Point",https://i.scdn.co/image/ab6765630000ba8afd2c195fff064b2dcd5d5108
Cabin Fever,https://i.scdn.co/image/ab6765630000ba8ab2b617f013f928a0c1fc1091
VIEWS with David Dobrik & Jason Nash,https://i.scdn.co/image/ab6765630000ba8a9acf2dc23b1084a8572c8c73
Stick to Football - The Videos,https://i.scdn.co/image/ab6765630000ba8af5964e1bdffd3ae21af7c16d
Mad in America: Rethinking Mental Health,https://i.scdn.co/image/ab6765630000ba8a25e3bfc6a910278983c21719
Switched on Pop,https://i.scdn.co/image/ab6765630000ba8a810fca4e5fe9cd513c1b00c6
Drum & Bass Radio,https://i.scdn.co/image/ab6765630000ba8a22e552b30bf37326345d2abc
THE ADAM BUXTON PODCAST,https://i.scdn.co/image/ab6765630000ba8a83da9649c1724f8f41adc59e
Natalie Cassidy's 'Life with Nat',https://i.scdn.co/image/ab6765630000ba8a222931d6e9bea1b52637e402
Armchair Expert with Dax Shepard,https://i.scdn.co/image/ab6765630000ba8a565f08d18a774b4cef8a4f79
TED Talks Daily,https://i.scdn.co/image/ab6765630000ba8a1eef8dcabec3dca77ace07c8
Hypothetical The Podcast with Josh Widdicombe and James Acaster,https://i.scdn.co/image/ab6765630000ba8aeaa0fc497f38d7ae5fbe8a0d
La Tía Mel,https://i.scdn.co/image/ab6765630000ba8a87fc5cae5f266214d34723ad
Desert Island Discs,https://i.scdn.co/image/ab6765630000ba8ab8d28ecba043f919cf179609
Off Menu with Ed Gamble and James Acaster,https://i.scdn.co/image/ab6765630000ba8a35641b80c9d83f6717c2452c
The Deconstructionists,https://i.scdn.co/image/ab6765630000ba8afce9f1304dcbb6ec3fe16f95
The Adventure Zone,https://i.scdn.co/image/ab6765630000ba8abf29d7183769fc14b8c0b3f4
"GradSchooled with Fatimah Williams, Ph.D.",https://i.scdn.co/image/ab6765630000ba8a01f2b49dfa1354b91427d4ab
Dungeons and Daddies,https://i.scdn.co/image/ab6765630000ba8a69030c58137ed169dc420519
The Partially Examined Life Philosophy Podcast,https://i.scdn.co/image/ab6765630000ba8a5bc4e46552d384e45a602acb
bomBARDed - A Musical Dungeons & Dragons Adventure,https://i.scdn.co/image/ab6765630000ba8a4a06920db356b4a061c5b6d6
Beef And Dairy Network,https://i.scdn.co/image/ab6765630000ba8a40252c5d94f638aefe746118
Springleaf,https://i.scdn.co/image/ab6765630000ba8a268683af210ff46456583dab
The Panpsycast Philosophy Podcast,https://i.scdn.co/image/ab6765630000ba8adf2519493ce57f50c3587ac7
ClimbSci - Better Climbing Through Science,https://i.scdn.co/image/ab6765630000ba8a0ab9eef14b2da9840c0db8b1
Well There‘s Your Problem,https://i.scdn.co/image/ab6765630000ba8aa80e676db776b51e14d41465
The Average Climber Podcast,https://i.scdn.co/image/ab6765630000ba8aeede55ee07aee9f2caeb98bf
Humanoid Resources,https://i.scdn.co/image/ab6765630000ba8aa9280c2a8eab5467d7497de9
BudPod with Phil Wang & Pierre Novellie,https://i.scdn.co/image/ab6765630000ba8a1d4eae6afd80ca01ecf5b2ea
Condensed Matter,https://i.scdn.co/image/ab6765630000ba8a0204a68fdd2077d0f4d79f4d
Clay At Our Core: A Pottery Podcast,https://i.scdn.co/image/ab6765630000ba8a7296974817b882befbd7230e
SCI PHI Podcast,https://i.scdn.co/image/ab6765630000ba8a9f6330a7453ab5c9c1839849
Elucidations,https://i.scdn.co/image/ab6765630000ba8aa216e5f03ed0eeb147bfe2ae
Musical Roots,https://i.scdn.co/image/ab6765630000ba8a8d39addb72714232f741ec7c
Random Shipping Forecast,https://i.scdn.co/image/ab6765630000ba8ac73d91cbce5bbac1828d8e40
Kekulés Gesundheits-Kompass von MDR AKTUELL,https://i.scdn.co/image/ab6765630000ba8aede69b0ee5fb3715344ef337
Dimension 20,https://i.scdn.co/image/ab6765630000ba8aa77a222d5362a4bfdb75ce0e
Q Presents The Making of…,https://i.scdn.co/image/ab6765630000ba8ab3e5d2c49e8c8d6c06b5cfa0
Beyond the Map: a World of Darkness Series,https://i.scdn.co/image/ab6765630000ba8a622e3e12c4989818cab9686b
Sheffield Libraries Podcast,https://i.scdn.co/image/ab6765630000ba8a7a7e88240d528fcc51459be4
Whimsical Wonders ,https://i.scdn.co/image/ab6765630000ba8acf54578dc771606def9d5ac2
Global News Podcast,https://i.scdn.co/image/ab6765630000ba8af792739350c2cac05cec9ca4
Magical Storybook. English Nanny Bedtime Stories for kids,https://i.scdn.co/image/ab6765630000ba8ae3b0328e8f15c69a7a956e3a
Newscast,https://i.scdn.co/image/ab6765630000ba8ae894b9a4b39baa745276e579
Uncanny,https://i.scdn.co/image/ab6765630000ba8a06141fcb0e0414ccf0610255
Shakespeare's Sonnets Exposed,https://i.scdn.co/image/ab6765630000ba8adcdc8448fd21853a22d02bc0
Loves Storytime,https://i.scdn.co/image/ab6765630000ba8acb95676df3bfca5315409ae0
The Rest Is Entertainment,https://i.scdn.co/image/ab6765630000ba8af62b3c3ea3ee9ec2cd7e109e
Thing in itself,https://i.scdn.co/image/ab6765630000ba8a63d6958e3ba3223de9a5d89e
"Where There's A Will, There's A Wake",https://i.scdn.co/image/ab6765630000ba8abfc41a10eb200d1fd8478c86
ExtinctZoo,https://i.scdn.co/image/ab6765630000ba8a579e1552e484e29d05bbd705
ZOE Science & Nutrition,https://i.scdn.co/image/ab6765630000ba8a6d43d5a39dfb9c77878087b3
The Infinite Monkey Cage,https://i.scdn.co/image/ab6765630000ba8ac19610786a776c00e6b47445
Chilluminati,https://i.scdn.co/image/ab6765630000ba8a4c833572b3ef3df8faed2bdc
Disaster Artists: The Movie Survival Podcast,https://i.scdn.co/image/ab6765630000ba8aec409bccb05ac213a159e53a
Inspiring Quotes,https://i.scdn.co/image/ab6765630000ba8a90720614435f258a6c872458
A-level Maths Revision Bites,https://i.scdn.co/image/ab6765630000ba8aac6c6508d251f2781beb006d
Modern Love,https://i.scdn.co/image/ab6765630000ba8a55dd59603f537d2f3d5fe4bf
The Ethics Equation,https://i.scdn.co/image/ab6765630000ba8a2b0459e396a04d1aad852cc3
Unbelievable?,https://i.scdn.co/image/ab6765630000ba8a9fb5ce1bb7bd5cb7e6b25d57
The News Agents,https://i.scdn.co/image/ab6765630000ba8a1955f153c92abc9f5956edad
Real Crime,https://i.scdn.co/image/ab6765630000ba8a27ecb52f78ac53bd3d9718fa
Great Trials in History,https://i.scdn.co/image/ab6765630000ba8a8b16b34c8b5dd4b8f2fc0571
History Extra podcast,https://i.scdn.co/image/ab6765630000ba8a36d783af2ceda3b28121e121
Frank Skinner's Poetry Podcast,https://i.scdn.co/image/ab6765630000ba8adc008ca86eaf97f536454203
Distraction Pieces Podcast with Scroobius Pip,https://i.scdn.co/image/ab6765630000ba8a4f3d083a1699ffe715673d84
New Books in Philosophy,https://i.scdn.co/image/ab6765630000ba8a3ab9e768bbc663cde92303d2
The 2000s Chart Show: A 00s Pop Music Podcast,https://i.scdn.co/image/ab6765630000ba8a07e731f40c93b675fa3dace7
WheezyNews Podcast,https://i.scdn.co/image/ab6765630000ba8abd815759ad8cca6438d9c5f2
Simon's Peculiar Portions,https://i.scdn.co/image/ab6765630000ba8aaf88d00ca175a9fc5a8768fd
Lost And Sound,https://i.scdn.co/image/ab6765630000ba8aef43071cc2f015c5ab4b7746
Walking The Dog with Emily Dean,https://i.scdn.co/image/ab6765630000ba8a772adc724aebb6437e09535b
Learn German with LinguaBoost,https://i.scdn.co/image/ab6765630000ba8a1f7e2a8d6d2de660e1c59537
Mummy and Tobys Storytime,https://i.scdn.co/image/ab6765630000ba8a2c328084b6f5451fd5bbc3d5
Let’s Read With Lyla and Dad,https://i.scdn.co/image/ab6765630000ba8a25206f04424f519a2347e1bb
Real Dictators,https://i.scdn.co/image/ab6765630000ba8a53a312cabfdc95915ddfce8e
Fabulous Folklore with Icy,https://i.scdn.co/image/ab6765630000ba8a21143448f3b9c109afb6b941
Duolingo Spanish Podcast,https://i.scdn.co/image/ab6765630000ba8aa2b45eed96996e211c1398bc
Lattice Training Podcast,https://i.scdn.co/image/ab6765630000ba8aa4d6bb0331717a3163dd4bdb
Only Stupid Answers,https://i.scdn.co/image/ab6765630000ba8aeccd308e537f26b7eb06a493
The Radio 3 Documentary,https://i.scdn.co/image/ab6765630000ba8a4c21b4f3b07663795f58e5d9
News in Slow German,https://i.scdn.co/image/ab6765630000ba8ad7c6bf8e17c41d93d0a52b8c
Rolling Stone Music Now,https://i.scdn.co/image/ab6765630000ba8a116568f9faa4808c706660f1
Switch Your Money On,https://i.scdn.co/image/ab6765630000ba8a90327aa30a7908bf7d51e310
True Spies: Espionage | Investigation | Crime | Murder | Detective | Politics,https://i.scdn.co/image/ab6765630000ba8a0e065f1fcf9bf5330437a578
Out of the Vat,https://i.scdn.co/image/ab6765630000ba8a82db487cc147a56682c25bf9
In Our Time: History,https://i.scdn.co/image/ab6765630000ba8a3b4505756887eea3cd5c80dc
Maintenance Phase,https://i.scdn.co/image/ab6765630000ba8ab24e61585e295154984d25d8
Headliners with Nihal Arthanayake,https://i.scdn.co/image/ab6765630000ba8a47a220e170227dfdbc314a75
Scratch & Win,https://i.scdn.co/image/ab6765630000ba8af2e0b02a9219d322d15288a0
Partially Derivative,https://i.scdn.co/image/ab6765630000ba8aa32dde32467241b2f3d30d7c
EdgeCast,https://i.scdn.co/image/ab6765630000ba8adb75e4325747b85525492f29
Tattva Deep,https://i.scdn.co/image/ab6765630000ba8a26cae6fbe325e33f925bcba2
St Elwick's Neighbourhood Association Newsletter Podcast,https://i.scdn.co/image/ab6765630000ba8acfe9d7b3b191ba0d0973b5ee
The Potters' Round Table,https://i.scdn.co/image/ab6765630000ba8a4031bd402212e91872d89825
Off Topic,https://i.scdn.co/image/ab6765630000ba8a7cae7d2ed54405537b7839e5
RHLSTP with Richard Herring,https://i.scdn.co/image/ab6765630000ba8a459efefaae9f1009f3921743
Radio Headspace,https://i.scdn.co/image/ab6765630000ba8ac1f7034befc41180cff29083
Sleep sounds by nature,https://i.scdn.co/image/ab6765630000ba8a05e19273f097c90b296d151c
Ranger Rae and the Wildlifers | National Trust Kids' Podcast,https://i.scdn.co/image/ab6765630000ba8ab5eb0fbabd000ab39c8536df
Rationally Speaking Podcast,https://i.scdn.co/image/ab6765630000ba8af5d525ff59b8d585d1dea898
Tape Notes,https://i.scdn.co/image/ab6765630000ba8ab3b3733433886b2fa38eeaf6
Dan Snow's History Hit,https://i.scdn.co/image/ab6765630000ba8af3e3457386f40e571f43c918
Tetragrammaton with Rick Rubin,https://i.scdn.co/image/ab6765630000ba8a5e29b7d016e92630de9ed66d
Dilemma Podcast,https://i.scdn.co/image/ab6765630000ba8ad24942353c0e5797139851a7
Parenting Hell with Rob Beckett and Josh Widdicombe,https://i.scdn.co/image/ab6765630000ba8aa6d9c13d87262477ba92823e
The Louis Theroux Podcast,https://i.scdn.co/image/ab6765630000ba8a4cf48c208a4b674c346396cd
Dear Joan and Jericha (Julia Davis and Vicki Pepperdine),https://i.scdn.co/image/ab6765630000ba8ab6b494e58f761a56283c96de
Case 63 ,https://i.scdn.co/image/ab6765630000ba8a87bc3577cbc3db5d80c97386
Chatabix,https://i.scdn.co/image/ab6765630000ba8ade0dfd496b71aa2bf26dbc73
Stephen Fry's 7 Deadly Sins,https://i.scdn.co/image/ab6765630000ba8a1f18dcfb0a99d5f11bde09e2
Computer Science/Software Engineering College Courses Review,https://i.scdn.co/image/ab6765630000ba8a5e7b081cbd5ee7a75b909385
9 Lives,https://i.scdn.co/image/ab6765630000ba8a42e98c0f177f48dfc3e4f2e8
Alan Carr's 'Life's a Beach',https://i.scdn.co/image/ab6765630000ba8a1b56f5e2b74e61054cb51e0b
SLEEP MEDITATION Lauren Ostrowski Fenton,https://i.scdn.co/image/ab6765630000ba8a37420a359aa07dc6dedae637
Sawbones: A Marital Tour of Misguided Medicine,https://i.scdn.co/image/ab6765630000ba8aa9d45f9174fa67b1ee7f94a8
The Life Scientific,https://i.scdn.co/image/ab6765630000ba8a5f42e68dd3367c31bd08c2da
They Walk Among Us - UK True Crime,https://i.scdn.co/image/ab6765630000ba8a4f6b8822104f2c595f1e6ca3
Stuff To Blow Your Mind,https://i.scdn.co/image/ab6765630000ba8a6b0b18e259b6f982e1a3a3c7
The Skeptics’ Guide to the Universe,https://i.scdn.co/image/ab6765630000ba8a38db4560f6fe6acecb0beaa6
The Rich Roll Podcast,https://i.scdn.co/image/ab6765630000ba8aa0a3d222be2673398d1319b1
Making A Scene with Matt Lucas and David Walliams,https://i.scdn.co/image/ab6765630000ba8ad9362d6830b8bfe2bd22bfe3
The Jordan B. Peterson Podcast,https://i.scdn.co/image/ab6765630000ba8a395fcd4824717ae0cf786506
Five Questions,https://i.scdn.co/image/ab6765630000ba8a1390a0d1033acf6759c49997
The Eavesdrop Podcast,https://i.scdn.co/image/ab6765630000ba8ae1c3b5b143b24980c34564f9
The Property Podcast,https://i.scdn.co/image/ab6765630000ba8ad455ffda46142b49c23328f7
RSK XFM,https://i.scdn.co/image/ab6765630000ba8a2227eba957b7cb243ae063d4
"AI: The ""C"" Team",https://i.scdn.co/image/ab6765630000ba8a6b437f32e0a4ad1e5b9c20d9
talkSPORT Hit,https://i.scdn.co/image/ab6765630000ba8a863ad0a201af1d1b5820eec5
Short History Of...,https://i.scdn.co/image/ab6765630000ba8a0d441935ba0e88db287b3b71
Hidden Brain,https://i.scdn.co/image/ab6765630000ba8ab85311900115d459884cae79
Veritasium,https://i.scdn.co/image/ab6765630000ba8a5c7dee56e4e2c148cf96fe99
"Trolley Problem, Inc. Podcast",https://i.scdn.co/image/ab6765630000ba8a4c17d3400140cc60a6bc2d0e
In Our Time: Philosophy,https://i.scdn.co/image/ab6765630000ba8aa75110d6cc7ffc2f0b1160b6
The Forum,https://i.scdn.co/image/ab6765630000ba8acbe5ea1fbee0d7093042bf46
KRVB Ten Minutes With Tim,https://i.scdn.co/image/ab6765630000ba8a7d92e2f3efd9374fe10f11f2
Philosophy Talk: Select Episodes,https://i.scdn.co/image/ab6765630000ba8a1a4ef0fdd8bd32aa13692769
Triforce!,https://i.scdn.co/image/ab6765630000ba8a0b97209335940cc849cd2194
Relatables ,https://i.scdn.co/image/ab6765630000ba8a53c057b27f6b95cbdbf21cf3
Yarnhub,https://i.scdn.co/image/ab6765630000ba8a0d97475e9d8c0d1f5cf09739
Revise - GCSE Maths Revision,https://i.scdn.co/image/ab6765630000ba8a320704d240983c8882a07c89
In Our Time: Culture,https://i.scdn.co/image/ab6765630000ba8a0524c6434eb196057e2761cc
Heiliger Bimbam,https://i.scdn.co/image/ab6765630000ba8ae6cc003245374efd0e16997d
Wake Up / Wind Down   (UK & IE),https://i.scdn.co/image/ab6765630000ba8a79c7178570675b83ab92f4d5
D&D is for Nerds: The Further Adventures of the Greyhill Free Company,https://i.scdn.co/image/ab6765630000ba8a483896170b548fcb6b96aa6d
Best Noise Labs,https://i.scdn.co/image/ab6765630000ba8afe9cba57153eecb918267571
The Read,https://i.scdn.co/image/ab6765630000ba8a4a759bd4af724abb25d1ab54
Classic Audiobook Collection,https://i.scdn.co/image/ab6765630000ba8ae377566ba3aa4a37bbc70049
The Rest Is Football,https://i.scdn.co/image/ab6765630000ba8ab00661b75b28b4868aac8693
Stories to snuggle up to,https://i.scdn.co/image/ab6765630000ba8a755e62883ac5726c41b5e7fb