audiobook_name,audiobook_artwork
A Beginner’s Guide to Breaking and Entering,https://i.scdn.co/image/ab676663000022a8cdb13797c2668ec877064f0e
A Short History of Nearly Everything,https://i.scdn.co/image/ab676663000022a81f562e1fbfa1a3064d6de201
"Bodega: Tales from the Bodegaverse: Contains all the episodes of Bodega previously transmitted via the Triforce Podcast, and heaps more Bodega action besides.",https://i.scdn.co/image/ab676663000022a8e27d09f1c8657f628847222c
Bullshit Jobs: A Theory,https://i.scdn.co/image/ab676663000022a89577a727d54154cb95ad5b84
Charlie and the Chocolate Factory,https://i.scdn.co/image/ab676663000022a818a92fe07c7c76a3195e3094
"Cynical Theories: How Activist Scholarship Made Everything about Race, Gender, and Identity―and Why This Harms Everybody",https://i.scdn.co/image/ab676663000022a8a6dcd2e4e7c812668ea22538
Danny the Champion of the World,https://i.scdn.co/image/ab676663000022a856bb186a561b415dd2df3732
Dominion: The Making of the Western Mind,https://i.scdn.co/image/ab676663000022a88c19da887958b4b1295ba46e
Fireman Sam - A Fiery Concert,https://i.scdn.co/image/ab676663000022a8d8986d40462a7d63929ff0d2
Fireman Sam - A Great Rescue Dog,https://i.scdn.co/image/ab676663000022a8e327382936409b7fb9670c9a
Fireman Sam - A Magic Rescue,https://i.scdn.co/image/ab676663000022a8844dbd2c777e2fe1846e2b79
Fireman Sam - Competition in Danger,https://i.scdn.co/image/ab676663000022a844c7e9f65abb09ebe8da7af2
Fireman Sam - Saving a Horse,https://i.scdn.co/image/ab676663000022a8df50f52f4cc4d8611631abd5
Free-Range Kids: How Parents and Teachers Can Let Go and Let Grow,https://i.scdn.co/image/ab676663000022a8fab1afba438666f3cb7ab64c
Heroes: The myths of the Ancient Greek heroes retold,https://i.scdn.co/image/ab676663000022a83ebb7f12119fda63f68f2eba
How To: Absurd Scientific Advice for Common Real-World Problems from Randall Munroe of xkcd,https://i.scdn.co/image/ab676663000022a87fa4f7b348d3c17f18fc4681
Humble Pi: A Comedy of Maths Errors,https://i.scdn.co/image/ab676663000022a8d0331982d1d67cd27fca3c21
"Hustle Harder, Hustle Smarter",https://i.scdn.co/image/ab676663000022a8008e495d22a0c2d4606ad070
Interesting Times: (Discworld Novel 17),https://i.scdn.co/image/ab676663000022a80acbc4d937b842ca1376eb2d
Kitchen Confidential: 25th Anniversary Edition,https://i.scdn.co/image/ab676663000022a84080cbb965750571e742e88c
Lords And Ladies: (Discworld Novel 14),https://i.scdn.co/image/ab676663000022a8103b6bf5050099a659e411be
Men At Arms: (Discworld Novel 15),https://i.scdn.co/image/ab676663000022a8dda0166399cc503121a6af46
Mythos: The Greek Myths Retold,https://i.scdn.co/image/ab676663000022a8a5b76a33c5d6f5813d1bca4f
Odyssey,https://i.scdn.co/image/ab676663000022a85290dd6c6bd3aefec79506ad
One Night In the Zoo: The classic illustrated children’s book from the author of The Tiger Who Came To Tea,https://i.scdn.co/image/ab676663000022a813a2961723c53eec3e232b35
Reaper Man: (Discworld Novel 11),https://i.scdn.co/image/ab676663000022a886d5417628d83d7f8a2c0720
Room on the Broom,https://i.scdn.co/image/ab676663000022a800d5c645930b573bb8f142b6
Slow Productivity: The Lost Art of Accomplishment Without Burnout,https://i.scdn.co/image/ab676663000022a80f715bb64d36e06cab4d5cdf
Something Deeply Hidden: Quantum Worlds and the Emergence of Spacetime,https://i.scdn.co/image/ab676663000022a89aa1dc419b18d81fb42ef899
THE TIGER WHO CAME TO TEA,https://i.scdn.co/image/ab676663000022a8f1ca2d0af500ac50e10ed1ab
The Anxious Generation: How the Great Rewiring of Childhood Is Causing an Epidemic of Mental Illness,https://i.scdn.co/image/ab676663000022a8cd9c3ce9cfe8764c9e15b6fe
The BFG,https://i.scdn.co/image/ab676663000022a85ac808f4bbafc0ef95e1e648
The Big Mog Collection,https://i.scdn.co/image/ab676663000022a86e335fb6c5354df454dfa889
The Boy Who Grew Dragons (The Boy Who Grew Dragons 1),https://i.scdn.co/image/ab676663000022a8b4903d5998354afdb31cb34e
The Crocodile Under the Bed,https://i.scdn.co/image/ab676663000022a81f0ff43bc0731b38aa98dab7
The Fellowship of the Ring,https://i.scdn.co/image/ab676663000022a8053dc2ed0d2393658edd91fc
"The Fellowship of the Ring: Discover Middle-earth in the Bestselling Classic Fantasy Novels before you watch 2022's Epic New Rings of Power Series (The Lord of the Rings, Book 1)",https://i.scdn.co/image/ab676663000022a83045b32a8e4c099d6801562f
The Hitchhiker's Guide to the Galaxy: The 42nd Anniversary Edition of Douglas Adams' International Bestseller,https://i.scdn.co/image/ab676663000022a8a5c57e529422841204860c8a
The Hotel Avocado,https://i.scdn.co/image/ab676663000022a85fb403b3c211096d4881e3b6
The Magic Faraway Tree: Book 2,https://i.scdn.co/image/ab676663000022a812ba324cf90edb53f76bb152
The Power of Now,https://i.scdn.co/image/ab676663000022a89d7558f07541236ff4c06af9
The Restaurant at the End of the Universe,https://i.scdn.co/image/ab676663000022a8bbd203a3491055e7d469ca4a
The Secret Island: Book 1,https://i.scdn.co/image/ab676663000022a8e9d958561027153c736550f1
Time: A Very Short Introduction,https://i.scdn.co/image/ab676663000022a8c1830ca2fb5b91365c1836a7
Troy: Our Greatest Story Retold,https://i.scdn.co/image/ab676663000022a8845d610453ffd05deb401f93

What the Ladybird Heard,https://i.scdn.co/image/ab676663000022a8214ba2a06fed97400e97733b
What's Our Problem?: A Self-Help Book for Societies,https://i.scdn.co/image/ab676663000022a8ad99e01337dc62e81311b109
Winnie the Pooh,https://i.scdn.co/image/ab676663000022a891c1fed1ccc0dcfb7581db42