genre,super_genre
Rock,Rock
Electronic,Ambient & Experimental Electronic
Pop,Pop
Hip Hop,Hip Hop/Rap
lo-fi,Ambient & Experimental Electronic
lo-fi beats,Hip Hop/Rap
jazz,Jazz
Classical,Classical/Orchestral
"Folk, World, & Country",Folk/Acoustic
Indie Rock,Rock
techno,Techno & Trance
Funk / Soul,R&B/Soul
jazz beats,Jazz
Alternative Rock,Alternative/Indie
lo-fi hip hop,Hip Hop/Rap
idm,Ambient & Experimental Electronic
House,Electronic Dance Music (EDM)
Stage & Screen,Soundtrack/Instrumental
classical,Classical/Orchestral
Jazz,Jazz
Pop Rock,Pop
Indie Pop,Pop
drum and bass,Bass Music
nu jazz,Jazz
minimal techno,Techno & Trance
reggae,Reggae/Caribbean
ambient,Ambient & Experimental Electronic
pop punk,Punk/Hardcore
acid techno,Techno & Trance
dub techno,Techno & Trance
jungle,Garage & Breaks
breakbeat,Garage & Breaks
metalcore,Metal
experimental,Ambient & Experimental Electronic
musicals,Soundtrack/Instrumental
psychedelic rock,Rock
Experimental,Ambient & Experimental Electronic
dub,Reggae/Caribbean
punk,Punk/Hardcore
Synth-pop,Pop
drone,Ambient & Experimental Electronic
jazz fusion,Jazz
big band,Jazz
jazz rap,Hip Hop/Rap
celtic,World/Traditional
jazz funk,Jazz
Soundtrack,Soundtrack/Instrumental
medieval,World/Traditional
garage rock,Rock
folk,Folk/Acoustic
post-punk,Punk/Hardcore
roots reggae,Reggae/Caribbean
neo-psychedelic,Rock
acid house,Electronic Dance Music (EDM)
space rock,Rock
german pop,Pop
swing music,Jazz
lo-fi house,Electronic Dance Music (EDM)
dubstep,Bass Music
post-hardcore,Punk/Hardcore
Electro,Electronic Dance Music (EDM)
hard bop,Jazz
Downtempo,Ambient & Experimental Electronic
traditional folk,Folk/Acoustic
Ambient,Ambient & Experimental Electronic
Techno,Techno & Trance
Folk,Folk/Acoustic
Vocal,Pop
grime,Bass Music
tech house,Electronic Dance Music (EDM)
ragtime,Jazz
avant-garde,Alternative/Indie
krautrock,Rock
uk garage,Garage & Breaks
trip hop,Alternative/Indie
ragga,Reggae/Caribbean
opera,Classical/Orchestral
chamber music,Classical/Orchestral
trance,Techno & Trance
emo rap,Hip Hop/Rap
cool jazz,Jazz
neoclassical,Classical/Orchestral
melodic techno,Techno & Trance
choral,Classical/Orchestral
bluegrass,Folk/Acoustic
metal,Metal
rocksteady,Reggae/Caribbean
psytrance,Techno & Trance
christmas,Novelty/Spoken Word
Trap,Hip Hop/Rap
liquid funk,Bass Music
german indie,Alternative/Indie
proto-punk,Punk/Hardcore
uk grime,Bass Music
bassline,Garage & Breaks
bebop,Jazz
hard techno,Techno & Trance
noise rock,Alternative/Indie
Folk Rock,Folk/Acoustic
skate punk,Punk/Hardcore
house,Electronic Dance Music (EDM)
ska,Reggae/Caribbean
german hip hop,Hip Hop/Rap
acid rock,Rock
Ballad,Pop
children's music,Novelty/Spoken Word
glitch,Ambient & Experimental Electronic
blues,Blues
free jazz,Jazz
Soul,R&B/Soul
melodic house,Electronic Dance Music (EDM)
progressive trance,Techno & Trance
indie folk,Folk/Acoustic
vocal jazz,Jazz
americana,Country/Americana
soundtrack,Soundtrack/Instrumental
uk funky,Garage & Breaks
post-rock,Alternative/Indie
emo,Punk/Hardcore
baroque pop,Pop
Acoustic,Folk/Acoustic
Punk,Punk/Hardcore
chicago house,Electronic Dance Music (EDM)
downtempo,Ambient & Experimental Electronic
new wave,Alternative/Indie
surf rock,Rock
dark ambient,Ambient & Experimental Electronic
orchestra,Classical/Orchestral
french jazz,Jazz
Dance-pop,Pop
Latin,Latin
Deep House,Electronic Dance Music (EDM)
afro house,Electronic Dance Music (EDM)
Contemporary,Pop
northern soul,R&B/Soul
Baroque,Classical/Orchestral
progressive rock,Rock
minimalism,Classical/Orchestral
acid jazz,Jazz
Contemporary R&B,R&B/Soul
alt country,Country/Americana
bossa nova,Latin
jazz house,Electronic Dance Music (EDM)
hardcore,Punk/Hardcore
power pop,Pop
east coast hip hop,Hip Hop/Rap
ska punk,Punk/Hardcore
industrial,Alternative/Indie
classical piano,Classical/Orchestral
bass house,Electronic Dance Music (EDM)
tropical house,Electronic Dance Music (EDM)
horrorcore,Hip Hop/Rap
singer-songwriter,Folk/Acoustic
edm,Electronic Dance Music (EDM)
old school hip hop,Hip Hop/Rap
classic soul,R&B/Soul
Non-Music,Novelty/Spoken Word
Score,Soundtrack/Instrumental
footwork,Bass Music
slap house,Electronic Dance Music (EDM)
britpop,Alternative/Indie
deathcore,Metal
classic country,Country/Americana
southern gothic,Alternative/Indie
Romantic,Classical/Orchestral
deep house,Electronic Dance Music (EDM)
shoegaze,Alternative/Indie
dream pop,Alternative/Indie
art rock,Alternative/Indie
Modern,Pop
disco house,Electronic Dance Music (EDM)
Pop Rap,Hip Hop/Rap
nu disco,Funk/Disco
jangle pop,Pop
motown,R&B/Soul
hypertechno,Techno & Trance
doo-wop,R&B/Soul
schlager,Pop
Blues,Blues
hardcore punk,Punk/Hardcore
drill,Hip Hop/Rap
uk drill,Hip Hop/Rap
progressive house,Electronic Dance Music (EDM)
space music,New Age/Meditation
brazilian jazz,Jazz
blues rock,Blues
classic blues,Blues
folk rock,Folk/Acoustic
country blues,Blues
midwest emo,Punk/Hardcore
neue deutsche welle,Alternative/Indie
vaporwave,Ambient & Experimental Electronic
art pop,Pop
drumstep,Bass Music
melodic hardcore,Punk/Hardcore
country,Country/Americana
math rock,Alternative/Indie
Tech House,Electronic Dance Music (EDM)
tekno,Techno & Trance
Funk,R&B/Soul
smooth jazz,Jazz
Reggae,Reggae/Caribbean
folk punk,Punk/Hardcore
bass music,Bass Music
classic rock,Rock
indie jazz,Jazz
rap metal,Metal
underground hip hop,Hip Hop/Rap
Psychedelic Rock,Rock
funky house,Electronic Dance Music (EDM)
spoken word,Novelty/Spoken Word
rockabilly,Rock
soul jazz,Jazz
eurodance,Electronic Dance Music (EDM)
stoner rock,Rock
nu metal,Metal
lovers rock,Reggae/Caribbean
lullaby,Novelty/Spoken Word
latin jazz,Jazz
Disco,Funk/Disco
screamo,Punk/Hardcore
traditional country,Country/Americana
afropop,World/Traditional
retro soul,R&B/Soul
synthpop,Pop
boom bap,Hip Hop/Rap
dancehall,Reggae/Caribbean
soul,R&B/Soul
hardstyle,Garage & Breaks
Europop,Pop
traditional music,World/Traditional
electroclash,Electronic Dance Music (EDM)
future house,Electronic Dance Music (EDM)
gqom,Bass Music
sea shanties,Folk/Acoustic
Electro House,Electronic Dance Music (EDM)
jazz blues,Jazz
ebm,Electronic Dance Music (EDM)
slowcore,Alternative/Indie
big room,Electronic Dance Music (EDM)
disco,Funk/Disco
chanson,Pop
alternative metal,Metal
chillwave,Ambient & Experimental Electronic
future bass,Bass Music
Country,Country/Americana
djent,Metal
riddim,Bass Music
lounge,New Age/Meditation
breakcore,Garage & Breaks
Instrumental,Soundtrack/Instrumental
Contemporary Jazz,Jazz
Hard Rock,Rock
egg punk,Punk/Hardcore
adult standards,Pop
afrobeat,World/Traditional
madchester,Alternative/Indie
bedroom pop,Pop
big beat,Electronic Dance Music (EDM)
newgrass,Folk/Acoustic
afroswing,Hip Hop/Rap
gabber,Garage & Breaks
amapiano,Electronic Dance Music (EDM)
french house,Electronic Dance Music (EDM)
italo dance,Electronic Dance Music (EDM)
exotica,New Age/Meditation
neo soul,R&B/Soul
afrobeats,World/Traditional
hardcore techno,Garage & Breaks
Children's,Novelty/Spoken Word
alternative r&b,R&B/Soul
cold wave,Alternative/Indie
yacht rock,Pop
folk pop,Folk/Acoustic
Abstract,Ambient & Experimental Electronic
southern hip hop,Hip Hop/Rap
stoner metal,Metal
g-house,Electronic Dance Music (EDM)
indie,Alternative/Indie
french pop,Pop
rock,Rock
honky tonk,Country/Americana
anti-folk,Folk/Acoustic
sludge metal,Metal
hip hop,Hip Hop/Rap
tribal house,Electronic Dance Music (EDM)
cloud rap,Hip Hop/Rap
stutter house,Electronic Dance Music (EDM)
Soft Rock,Rock
schlagerparty,Pop
requiem,Classical/Orchestral
comedy,Novelty/Spoken Word
darkwave,Alternative/Indie
happy hardcore,Garage & Breaks
post-grunge,Rock
celtic rock,Rock
latin house,Electronic Dance Music (EDM)
Holiday,Novelty/Spoken Word
Progressive House,Electronic Dance Music (EDM)
frenchcore,Garage & Breaks
afro soul,World/Traditional
Leftfield,Alternative/Indie
phonk,Hip Hop/Rap
glam rock,Rock
electro swing,Electronic Dance Music (EDM)
city pop,Pop
Lo-Fi,Ambient & Experimental Electronic
riot grrrl,Punk/Hardcore
RnB/Swing,R&B/Soul
anime,Soundtrack/Instrumental
miami bass,Hip Hop/Rap
new age,New Age/Meditation
Garage Rock,Rock
outlaw country,Country/Americana
gregorian chant,Classical/Orchestral
Brass & Military,Classical/Orchestral
synthwave,Electronic Dance Music (EDM)
modern blues,Blues
Renaissance,Classical/Orchestral
experimental hip hop,Hip Hop/Rap
hyperpop,Pop
melodic rap,Hip Hop/Rap
indie rock,Rock
Opera,Classical/Orchestral
hard rock,Rock
Conscious,Hip Hop/Rap
Heavy Metal,Metal
variété française,Pop
Trance,Techno & Trance
post-disco,Funk/Disco
italo disco,Funk/Disco
New Wave,Alternative/Indie
Rock & Roll,Rock
hard house,Electronic Dance Music (EDM)
Video Game Music,Soundtrack/Instrumental
Noise,Alternative/Indie
indie punk,Punk/Hardcore
doom metal,Metal
mpb,Latin
Pop Punk,Punk/Hardcore
japanese classical,Classical/Orchestral
polka,World/Traditional
lo-fi indie,Alternative/Indie
west coast hip hop,Hip Hop/Rap
Dubstep,Bass Music
jam band,Rock
christian country,Country/Americana
alternative dance,Electronic Dance Music (EDM)
3 step,Garage & Breaks
Alt-Pop,Pop
reggae rock,Rock
uk r&b,R&B/Soul
Breakbeat,Garage & Breaks
queercore,Punk/Hardcore
drift phonk,Hip Hop/Rap
Rhythm & Blues,R&B/Soul
drone metal,Metal
new rave,Electronic Dance Music (EDM)
italian singer-songwriter,Folk/Acoustic
organic house,Electronic Dance Music (EDM)
Minimal,Ambient & Experimental Electronic
gothic rock,Rock
Blues Rock,Blues
groove metal,Metal
chillstep,Bass Music
Hardcore,Punk/Hardcore
Gospel,R&B/Soul
bolero,Latin
punk rap,Hip Hop/Rap
quiet storm,R&B/Soul
boogie-woogie,Jazz
mariachi,Latin
industrial rock,Alternative/Indie
Prog Rock,Rock
ambient folk,Folk/Acoustic
aor,Rock
son cubano,Latin
r&b,R&B/Soul
alternative hip hop,Hip Hop/Rap
progressive metal,Metal
speedcore,Garage & Breaks
heavy metal,Metal
indie dance,Electronic Dance Music (EDM)
afropiano,Electronic Dance Music (EDM)
ranchera,Latin
electro,Electronic Dance Music (EDM)
African,World/Traditional
industrial metal,Metal
Dub,Reggae/Caribbean
death metal,Metal
swedish pop,Pop
rock and roll,Rock
christian rock,Rock
Musical,Soundtrack/Instrumental
alternative rock,Alternative/Indie
hardcore hip hop,Hip Hop/Rap
celtic punk,Punk/Hardcore
christian alternative rock,Rock
glam metal,Metal
Modern Classical,Classical/Orchestral
deathstep,Bass Music
gangster rap,Hip Hop/Rap
Drum n Bass,Bass Music
g-funk,Hip Hop/Rap
IDM,Ambient & Experimental Electronic
Comedy,Novelty/Spoken Word
grunge,Rock
Industrial,Alternative/Indie
hi-nrg,Electronic Dance Music (EDM)
Chanson,Pop
edm trap,Bass Music
country rock,Country/Americana
rap rock,Hip Hop/Rap
soft rock,Rock
Easy Listening,Pop
Euro House,Electronic Dance Music (EDM)
Country Rock,Country/Americana
reggaeton,Latin
Classic Rock,Rock
philly soul,R&B/Soul
Neo Soul,R&B/Soul
samba,Latin
southern rock,Rock
private school piano,Pop
Power Pop,Pop
Breaks,Garage & Breaks
funk rock,Rock
electronica,Electronic Dance Music (EDM)
melbourne bounce,Electronic Dance Music (EDM)
k-pop,Pop
crunk,Hip Hop/Rap
easy listening,Pop
Theme,Soundtrack/Instrumental
speed metal,Metal
Gangsta,Hip Hop/Rap
afro r&b,R&B/Soul
soca,Reggae/Caribbean
shibuya-kei,Pop
Post-Punk,Punk/Hardcore
música mexicana,Latin
soul blues,Blues
medieval metal,Metal
witch house,Ambient & Experimental Electronic
psychobilly,Rock
electro house,Electronic Dance Music (EDM)
latin,Latin
melodic bass,Bass Music
baltimore club,Bass Music
hip house,Electronic Dance Music (EDM)
Trip Hop,Alternative/Indie
Jazzy Hip-Hop,Hip Hop/Rap
New Age,New Age/Meditation
french indie pop,Pop
Boom Bap,Hip Hop/Rap
Jazz-Funk,Jazz
rally house,Electronic Dance Music (EDM)
thrash metal,Metal
deathrock,Punk/Hardcore
roots rock,Rock
Emo,Punk/Hardcore
funk,R&B/Soul
alté,World/Traditional
UK Garage,Garage & Breaks
mathcore,Metal
villancicos,Novelty/Spoken Word
flamenco,World/Traditional
j-pop,Pop
rap,Hip Hop/Rap
Art Rock,Alternative/Indie
Chillwave,Ambient & Experimental Electronic
Dream Pop,Alternative/Indie
Novelty,Novelty/Spoken Word
Fusion,Jazz
chicago drill,Hip Hop/Rap
nightcore,Electronic Dance Music (EDM)
new jack swing,R&B/Soul
christian,R&B/Soul
Bass Music,Bass Music
japanese indie,Alternative/Indie
j-r&b,R&B/Soul
dark r&b,R&B/Soul
salsa,Latin
Shoegaze,Alternative/Indie
Hard Trance,Techno & Trance
Soul-Jazz,Jazz
Spoken Word,Novelty/Spoken Word
gnawa,World/Traditional
Avantgarde,Alternative/Indie
Brass Band,Classical/Orchestral
singeli,World/Traditional
Post Rock,Alternative/Indie
Free Improvisation,Jazz
europop,Pop
Hardcore Hip-Hop,Hip Hop/Rap
Choral,Classical/Orchestral
country hip hop,Hip Hop/Rap
rage rap,Hip Hop/Rap
folk metal,Metal
Psychedelic,Rock
cha cha cha,Latin
power metal,Metal
christian folk,Folk/Acoustic
Story,Novelty/Spoken Word
Klezmer,World/Traditional
jersey club,Bass Music
Acid,Electronic Dance Music (EDM)
Jazz-Rock,Jazz
ccm,R&B/Soul
red dirt,Country/Americana
Progressive Trance,Techno & Trance
ballroom vogue,Electronic Dance Music (EDM)
calypso,Reggae/Caribbean
moombahton,Bass Music
banda,Latin
acoustic pop,Folk/Acoustic
worship,R&B/Soul
nova mpb,Latin
Synthwave,Electronic Dance Music (EDM)
canzone napoletana,Pop
Neo-Classical,Classical/Orchestral
Surf,Rock
Metalcore,Metal
symphonic metal,Metal
tango,Latin
Future Jazz,Jazz
laïko,World/Traditional
Audiobook,Novelty/Spoken Word
Beat,Hip Hop/Rap
noise music,Alternative/Indie
j-rap,Hip Hop/Rap
trap soul,Hip Hop/Rap
indie pop,Pop
nederpop,Pop
highlife,World/Traditional
Grunge,Rock
texas country,Country/Americana
electronic,Ambient & Experimental Electronic
norteño,Latin
j-rock,Rock
Nu-Disco,Funk/Disco
latin alternative,Latin
Free Jazz,Jazz
entehno,World/Traditional
Grime,Bass Music
indie electronic,Ambient & Experimental Electronic
Dark Ambient,Ambient & Experimental Electronic
horror punk,Punk/Hardcore
Tropical House,Electronic Dance Music (EDM)
Cloud Rap,Hip Hop/Rap
Black Metal,Metal
electrocumbia,Latin
nz reggae,Reggae/Caribbean
urbano latino,Latin
Tribal,World/Traditional
gospel,R&B/Soul
techengue,Electronic Dance Music (EDM)
grindcore,Metal
Dancehall,Reggae/Caribbean
aussie drill,Hip Hop/Rap
soft pop,Pop
bollywood,World/Traditional
Stoner Rock,Rock
Glitch,Ambient & Experimental Electronic
latin pop,Latin
Big Beat,Electronic Dance Music (EDM)
azonto,World/Traditional
latin indie,Latin
zydeco,Country/Americana
bhajan,World/Traditional
sufi,World/Traditional
Post-Hardcore,Punk/Hardcore
Drone,Ambient & Experimental Electronic
ethiopian jazz,Jazz
melodic death metal,Metal
latin folk,Latin
Krautrock,Rock
freestyle,Hip Hop/Rap
pop soul,R&B/Soul
brooklyn drill,Hip Hop/Rap
Thug Rap,Hip Hop/Rap
Chiptune,Electronic Dance Music (EDM)
Afrobeat,World/Traditional
christian hip hop,Hip Hop/Rap
Schlager,Pop
AOR,Rock
Italo-Disco,Funk/Disco
norwegian pop,Pop
Military,Classical/Orchestral
new orleans bounce,Hip Hop/Rap
Nu Metal,Metal
grupera,Latin
Religious,R&B/Soul
Neofolk,Folk/Acoustic
japanese vgm,Soundtrack/Instrumental
Ethereal,New Age/Meditation
trap latino,Latin
Music Hall,Pop
Bubblegum,Pop
Poetry,Novelty/Spoken Word
Field Recording,Ambient & Experimental Electronic
hindi pop,World/Traditional
neoperreo,Latin
mambo,Latin
brazilian bass,Bass Music
bubblegum pop,Pop
Death Metal,Metal
Swing,Jazz
black metal,Metal
Parody,Novelty/Spoken Word
Big Band,Jazz
Lounge,New Age/Meditation
Doom Metal,Metal
mizrahi,World/Traditional
Minimal Techno,Techno & Trance
Neo-Romantic,Classical/Orchestral
Hard House,Electronic Dance Music (EDM)
desi,World/Traditional
bounce,Hip Hop/Rap
bhangra,World/Traditional
kuduro,World/Traditional
Indian Classical,World/Traditional
devotional,World/Traditional
Latin Jazz,Jazz
bacardi,Electronic Dance Music (EDM)
Hands Up,Electronic Dance Music (EDM)
epadunk,Hip Hop/Rap
kayokyoku,Pop
merengue,Latin
Garage House,Electronic Dance Music (EDM)
christian pop,Pop
acoustic country,Country/Americana
retro pop,Pop
vocaloid,Electronic Dance Music (EDM)
indie r&b,R&B/Soul
gothic metal,Metal
trap,Hip Hop/Rap
Eurodance,Electronic Dance Music (EDM)
corrido,Latin
Happy Hardcore,Garage & Breaks
Pub Rock,Rock
Marches,Classical/Orchestral
Bluegrass,Folk/Acoustic
Jungle,Garage & Breaks
Glam,Rock
Gypsy Jazz,Jazz
new york drill,Hip Hop/Rap
Modal,Jazz
Smooth Jazz,Jazz
pop worship,Pop
pop,Pop
brazilian phonk,Hip Hop/Rap
Country Blues,Blues
Hardstyle,Garage & Breaks
chinese indie,Alternative/Indie
Psy-Trance,Techno & Trance
Southern Rock,Rock
southern gospel,R&B/Soul
Thrash,Metal
Math Rock,Alternative/Indie
gospel r&b,R&B/Soul
hiplife,World/Traditional
trova,Latin
Space Rock,Rock
brazilian rock,Rock
Musique Concrète,Ambient & Experimental Electronic
Ragga HipHop,Hip Hop/Rap
punjabi pop,World/Traditional
Radioplay,Pop
kizomba,World/Traditional
Arena Rock,Rock
Afro-Cuban Jazz,Jazz
Rockabilly,Rock
Bassline,Bass Music
Boogie,Funk/Disco
Light Music,Pop
Operetta,Classical/Orchestral
boogie,Funk/Disco
Power Metal,Metal
finnish pop,Pop
seresta,Latin
P.Funk,Funk/Disco
Cut-up/DJ,Ambient & Experimental Electronic
latin hip hop,Hip Hop/Rap
lagu jawa,World/Traditional
finnish rock,Rock
Doo Wop,R&B/Soul
arabic hip hop,Hip Hop/Rap
Vaporwave,Ambient & Experimental Electronic
Organ,Classical/Orchestral
electropop,Pop
Euro-Disco,Funk/Disco
chinese rock,Rock
Chinese Classical,Classical/Orchestral
MPB,Latin
sexy drill,Hip Hop/Rap
Electroacoustic,Ambient & Experimental Electronic
brazilian pop,Pop
Post-Modern,Alternative/Indie
Electric Blues,Blues
Ska,Reggae/Caribbean
cumbia,Latin
Freestyle,Hip Hop/Rap
afro adura,World/Traditional
cedm,House & EDM
Oi,Punk/Hardcore
raï,World/Traditional
Bossa Nova,Latin
Broken Beat,Bass Music
Samba,Latin
k-rap,Hip Hop/Rap
Medieval,Classical/Orchestral
Reggae-Pop,Reggae/Caribbean
Darkwave,Ambient & Experimental Electronic
arena rock,Rock
Tribal House,House & EDM
italian trap,Hip Hop/Rap
shatta,World/Traditional
funk melody,Funk/Disco
Impressionist,Classical/Orchestral
Flamenco,World/Traditional
egyptian pop,World/Traditional
Roots Reggae,Reggae/Caribbean
Italodance,House & EDM
asakaa,World/Traditional
Cool Jazz,Jazz
pagode,Latin
mexican indie,Alternative/Indie
Tech Trance,Techno & Trance
Future House,House & EDM
Karaoke,Novelty/Spoken Word
Post Bop,Jazz
Horrorcore,Hip Hop/Rap
Breakcore,Bass Music
Celtic,Folk/Acoustic
Crunk,Hip Hop/Rap
Hip-House,House & EDM
axé,Latin
champeta,Latin
Grindcore,Metal
pop urbaine,Pop
french r&b,R&B/Soul
Batucada,Latin
Salsa,Latin
Goth Rock,Rock
indorock,Rock
rap québécois,Hip Hop/Rap
Nursery Rhymes,Novelty/Spoken Word
Rhythmic Noise,Ambient & Experimental Electronic
k-rock,Rock
finnish hip hop,Hip Hop/Rap
french rap,Hip Hop/Rap
turkish hip hop,Hip Hop/Rap
bongo flava,World/Traditional
Glitch Hop,Bass Music
argentine trap,Hip Hop/Rap
anatolian rock,Rock
Technical,Metal
Dub Techno,Techno & Trance
zouk,Reggae/Caribbean
arabesk,World/Traditional
Hindustani,World/Traditional
Alternative Metal,Metal
dansband,Pop
Avant-garde Jazz,Jazz
Movie Effects,Soundtrack/Instrumental
Hi NRG,House & EDM
bachata,Latin
ghazal,World/Traditional
sierreño,Latin
Tango,Latin
dansktop,Pop
chinese r&b,R&B/Soul
Harsh Noise Wall,Ambient & Experimental Electronic
Political,Novelty/Spoken Word
Donk,House & EDM
Power Electronics,Ambient & Experimental Electronic
Interview,Novelty/Spoken Word
Progressive Metal,Metal
Horror Rock,Rock
Dialogue,Novelty/Spoken Word
mexican hip hop,Hip Hop/Rap
Twelve-tone,Classical/Orchestral
Acid Jazz,Jazz
Future Bass,Bass Music
funk pop,Funk/Disco
Hard Bop,Jazz
Soca,Reggae/Caribbean
Speech,Novelty/Spoken Word
russelåter,Pop
go-go,Funk/Disco
Bhangra,World/Traditional
Mod,Rock
EBM,Ambient & Experimental Electronic
Barbershop,R&B/Soul
iskelmä,Pop
Volksmusik,World/Traditional
Bossanova,Latin
Public Broadcast,Novelty/Spoken Word
Education,Novelty/Spoken Word
moroccan pop,World/Traditional
guaracha,Latin
Educational,Novelty/Spoken Word
brazilian hip hop,Hip Hop/Rap
latin dance,Latin
desi hip hop,Hip Hop/Rap
spanish-language reggae,Reggae/Caribbean
pop country,Country/Americana
k-ballad,Pop
khaleeji,World/Traditional
nueva trova,Latin
anime rap,Hip Hop/Rap
chicha,Latin
marathi pop,World/Traditional
flamenco pop,World/Traditional
Dixieland,Jazz
Pacific,World/Traditional
Symphonic Rock,Rock
punjabi hip hop,Hip Hop/Rap
Hawaiian,World/Traditional
telugu pop,World/Traditional
fado,World/Traditional
Deathcore,Metal
Britpop,Rock
tamil dance,World/Traditional
Berlin-School,Ambient & Experimental Electronic
Dungeon Synth,Ambient & Experimental Electronic
tamil pop,World/Traditional
sad sierreño,Latin
hyphy,Hip Hop/Rap
corridos tumbados,Latin
corridos bélicos,Latin
Balearic,House & EDM
J-pop,Pop
No Wave,Alternative/Indie
tejano,Latin
Goa Trance,Techno & Trance
turkish pop,Pop
indie quebecois,Alternative/Indie
argentine rock,Rock
Makina,House & EDM
tropical music,Latin
Monolog,Novelty/Spoken Word
vallenato,Latin
popular colombian music,Latin
Hyperpop,Pop
qawwali,World/Traditional
Ghetto,Hip Hop/Rap
Cha-Cha,Latin
Skiffle,Folk/Acoustic
Lovers Rock,Reggae/Caribbean
malayalam pop,World/Traditional
kannada pop,World/Traditional
son jarocho,Latin
kompa,Reggae/Caribbean
candombe,Latin
Anison,Pop
brazilian trap,Hip Hop/Rap
Oratorio,Classical/Orchestral
dance,Pop
Speed Metal,Metal
Ragtime,Jazz
taiwanese pop,Pop
Speed Garage,Garage & Breaks
Highlife,World/Traditional
pinoy rock,Rock
Turntablism,Hip Hop/Rap
contemporary r&b,R&B/Soul
colombian pop,Pop
Afro-Cuban,Jazz
Memphis Rap,Hip Hop/Rap
Acid House,House & EDM
Bayou Funk,Funk/Disco
kollywood,Soundtrack/Instrumental
opm,Pop
latin rock,Rock
Reggaeton,Latin
Viking Metal,Metal
rock en español,Rock
pinoy r&b,R&B/Soul
Canzone Napoletana,World/Traditional
dance pop,Pop
DJ Battle Tool,Hip Hop/Rap
dembow,Latin
folk québécois,Folk/Acoustic
enka,World/Traditional
moroccan chaabi,World/Traditional
Rumba,Latin
Mambo,Latin
Kayōkyoku,Pop
Sound Collage,Ambient & Experimental Electronic
folclor andino,World/Traditional
rumba congolaise,World/Traditional
neomelodico,Pop
rock quebecois,Rock
Zouk,Reggae/Caribbean
Acid Rock,Rock
gengetone,World/Traditional
Eurobeat,Pop
indian indie,Alternative/Indie
Latin Pop,Latin
portuguese hip hop,Hip Hop/Rap
G-Funk,Hip Hop/Rap
Ghettotech,House & EDM
Jersey Club,Bass Music
Crust,Punk/Hardcore
maluku,World/Traditional
Huayno,World/Traditional
brega,Latin
tollywood,Soundtrack/Instrumental
Lambada,Latin
chinese hip hop,Hip Hop/Rap
philly club,Bass Music
Aboriginal,World/Traditional
Harmonica Blues,Blues
egyptian shaabi,World/Traditional
timba,Latin
Gabber,Garage & Breaks
Romani,World/Traditional
Unblack Metal,Metal
New Beat,House & EDM
salsa choke,Latin
vinahouse,House & EDM
algerian chaabi,World/Traditional
Beguine,Latin
Nueva Cancion,Latin
egyptian hip hop,Hip Hop/Rap
Jazzdance,Jazz
Basque Music,World/Traditional
Minneapolis Sound,R&B/Soul
Modern Electric Blues,Blues
Népzene,World/Traditional
gujarati pop,World/Traditional
manele,World/Traditional
flamenco urbano,World/Traditional
Ballet,Classical/Orchestral
Baltimore Club,Bass Music
oyun havasi,World/Traditional
Carnatic,World/Traditional
Future Pop,Pop
hindi indie,Alternative/Indie
Seresta,Latin
Choro,Latin
moroccan rap,Hip Hop/Rap
UK Street Soul,R&B/Soul
Witch House,Ambient & Experimental Electronic
bhojpuri pop,World/Traditional
Raï,World/Traditional
Ambient House,House & EDM
Symphonic Metal,Metal
Early,Classical/Orchestral
Depressive Black Metal,Metal
Therapy,New Age/Meditation
Vaudeville,Novelty/Spoken Word
Cabaret,Pop
Mento,Reggae/Caribbean
Atmospheric Black Metal,Metal
c-pop,Pop
pinoy hip hop,Hip Hop/Rap
thai pop,Pop
Ethno-pop,World/Traditional
Pipe & Drum,World/Traditional
Spirituals,R&B/Soul
j-dance,Pop
Sámi Music,World/Traditional
Mandopop,Pop
Nordic,World/Traditional
Gothic Metal,Metal
latin r&b,R&B/Soul
Compas,Reggae/Caribbean
pinoy indie,Alternative/Indie
Power Violence,Punk/Hardcore
Doomcore,Bass Music
Steel Band,Reggae/Caribbean
Mathcore,Metal
City Pop,Pop
country singer-songwriter,Country/Americana
cumbia norteña,Latin
Beatbox,Hip Hop/Rap
Bleep,Ambient & Experimental Electronic
bhojiwood,Soundtrack/Instrumental
Noise Rock,Alternative/Indie
Funk Metal,Metal
cumbia sonidera,Latin
hindi hip hop,Hip Hop/Rap
Cajun,Country/Americana
Deep Techno,Techno & Trance
Musette,World/Traditional
mahraganat,World/Traditional
Catalan Music,World/Traditional
Mariachi,Latin
sandalwood,Soundtrack/Instrumental
Groove Metal,Metal
Special Effects,Soundtrack/Instrumental
Kwaito,World/Traditional
J-Rock,Rock
mexican rock,Rock
mexican ska,Reggae/Caribbean
Cumbia,Latin
trap funk,Hip Hop/Rap
funk carioca,Funk/Disco
pagode baiano,Latin
Psychobilly,Rock
Juke,Bass Music
Footwork,Bass Music
UK Funky,Bass Music
Bolero,Latin
mollywood,Soundtrack/Instrumental
Occitan,World/Traditional
Promotional,Novelty/Spoken Word
Hillbilly,Country/Americana
Louisiana Blues,Blues
Swamp Pop,Country/Americana
Zydeco,Country/Americana
Illbient,Ambient & Experimental Electronic
desi pop,World/Traditional
pop urbano,Pop
Jangle Pop,Pop
Screw,Hip Hop/Rap
Low Bap,Hip Hop/Rap
Cubano,Latin
disco polo,Pop
sertanejo,Latin
Hyphy,Hip Hop/Rap
Neo Trance,Techno & Trance
Halftime,Bass Music
taiwanese indie,Alternative/Indie
visual kei,Rock
Sermon,Novelty/Spoken Word
Lowercase,Ambient & Experimental Electronic
Italo House,House & EDM
Bollywood,Soundtrack/Instrumental
sertanejo universitário,Latin
sertanejo tradicional,Latin
Drill,Hip Hop/Rap
gujarati garba,World/Traditional
brazilian funk,Funk/Disco
Phonk,Hip Hop/Rap
Noisecore,Metal
forró,Latin
Shidaiqu,Pop
karadeniz folk,World/Traditional
Calypso,Reggae/Caribbean
Progressive Breaks,Garage & Breaks
Lento Violento,House & EDM
Hypnagogic pop,Pop
Zarzuela,Classical/Orchestral
Appalachian Music,Folk/Acoustic
Éntekhno,World/Traditional
Laïkó,World/Traditional
alternative pop,Pop
Qawwali,World/Traditional
Goregrind,Metal
Honky Tonk,Country/Americana
brazilian gospel,R&B/Soul
malayalam hip hop,Hip Hop/Rap
malaysian pop,Pop
malay,World/Traditional
norwegian hip hop,Hip Hop/Rap
Ragga,Reggae/Caribbean
Merengue,Latin
Industrial Metal,Metal
vietnamese hip hop,Hip Hop/Rap
v-pop,Pop
vietnam indie,Alternative/Indie
p-pop,Pop
harana,World/Traditional
Space-Age,Ambient & Experimental Electronic
Desert Blues,Blues
Polka,World/Traditional
Plunderphonics,Ambient & Experimental Electronic
duranguense,Latin
Sonero,Latin
Ghetto House,House & EDM
luk thung,World/Traditional
